<?xml version="1.0" encoding="UTF-8"?>
<project-private xmlns="http://www.netbeans.org/ns/project-private/1">
    <editor-bookmarks xmlns="http://www.netbeans.org/ns/editor-bookmarks/2" lastBookmarkId="1"/>
    <open-files xmlns="http://www.netbeans.org/ns/projectui-open-files/2">
        <group>
            <file>file:/C:/Users/Ikram/Documents/NetBeansProjects/WebApplication3/web/loginpage_voter.html</file>
            <file>file:/C:/Users/Ikram/Documents/NetBeansProjects/WebApplication3/src/java/EcphighLoginServlet.java</file>
            <file>file:/C:/Users/Ikram/Documents/NetBeansProjects/WebApplication3/web/loginpage_ecplow.html</file>
            <file>file:/C:/Users/Ikram/Documents/NetBeansProjects/WebApplication3/web/index.html</file>
            <file>file:/C:/Users/Ikram/Documents/NetBeansProjects/WebApplication3/web/homepage_ecplow.html</file>
            <file>file:/C:/Users/Ikram/Documents/NetBeansProjects/WebApplication3/web/demopage_voter.html</file>
            <file>file:/C:/Users/Ikram/Documents/NetBeansProjects/WebApplication3/web/loginpage.html</file>
            <file>file:/C:/Users/Ikram/Documents/NetBeansProjects/WebApplication3/src/java/VoteServlet.java</file>
            <file>file:/C:/Users/Ikram/Documents/NetBeansProjects/WebApplication3/web/candidate.jsp</file>
            <file>file:/C:/Users/Ikram/Documents/NetBeansProjects/WebApplication3/src/java/CandidateServlet.java</file>
            <file>file:/C:/Users/Ikram/Documents/NetBeansProjects/WebApplication3/web/loginpage_ecphigh.html</file>
            <file>file:/C:/Users/Ikram/Documents/NetBeansProjects/WebApplication3/src/java/AdminLoginServlet.java</file>
            <file>file:/C:/Users/Ikram/Documents/NetBeansProjects/WebApplication3/web/WEB-INF/web.xml</file>
            <file>file:/C:/Users/Ikram/Documents/NetBeansProjects/WebApplication3/src/java/EcplowLoginServlet.java</file>
            <file>file:/C:/Users/Ikram/Documents/NetBeansProjects/WebApplication3/web/loginpage_admin.html</file>
            <file>file:/C:/Users/Ikram/Documents/NetBeansProjects/WebApplication3/web/META-INF/context.xml</file>
            <file>file:/C:/Users/Ikram/Documents/NetBeansProjects/WebApplication3/web/homepage_ecphigh.html</file>
            <file>file:/C:/Users/Ikram/Documents/NetBeansProjects/WebApplication3/web/declareresultspage_ecphigh.html</file>
            <file>file:/C:/Users/Ikram/Documents/NetBeansProjects/WebApplication3/web/graphpage_ecphigh.html</file>
            <file>file:/C:/Users/Ikram/Documents/NetBeansProjects/WebApplication3/web/commencepage_ecphigh.html</file>
            <file>file:/C:/Users/Ikram/Documents/NetBeansProjects/WebApplication3/src/java/LoginServlet.java</file>
            <file>file:/C:/Users/Ikram/Documents/NetBeansProjects/WebApplication3/web/votecasting_voter.html</file>
            <file>file:/C:/Users/Ikram/Documents/NetBeansProjects/WebApplication3/web/homepage_admin.html</file>
            <file>file:/C:/Users/Ikram/Documents/NetBeansProjects/WebApplication3/web/homepage_voter.html</file>
        </group>
    </open-files>
</project-private>
